Sual_1;Sual_2;Korrelyasiya
Bilet alma prosesini necə qiymətləndirirsiniz?;Bilet alma prosesini necə qiymətləndirirsiniz?;1.00
Bilet yoxlayan əməkdaşların işini necə qiymətləndirirsiniz?;Bilet alma prosesini necə qiymətləndirirsiniz?;0.27
Təhlükəsizlik xidmətinin işini necə qiymətləndirirsiniz?;Bilet alma prosesini necə qiymətləndirirsiniz?;0.12
Könüllülərin işini necə qiymətləndirirsiniz? (istiqamətin göstərilməsi, sualların cavablandırılması və s.);Bilet alma prosesini necə qiymətləndirirsiniz?;0.12
Tribunaların təmizliyini necə qiymətləndirirsiniz?;Bilet alma prosesini necə qiymətləndirirsiniz?;0.05
Tualetlərin təmizliyini necə qiymətləndirirsiniz?;Bilet alma prosesini necə qiymətləndirirsiniz?;-0.06
Stadionda olan ab-havanı necə qiymətləndirirsiniz?;Bilet alma prosesini necə qiymətləndirirsiniz?;0.13
Ümumi oyunun təşkilini necə qiymətləndirirsiniz?;Bilet alma prosesini necə qiymətləndirirsiniz?;-0.03
Klubun faəliyyətini necə dəyərləndirirsiniz?;Bilet alma prosesini necə qiymətləndirirsiniz?;0.10
Sponsorun dəstəyini necə dəyərləndirirsiniz?;Bilet alma prosesini necə qiymətləndirirsiniz?;0.26
Bilet alma prosesini necə qiymətləndirirsiniz?;Bilet yoxlayan əməkdaşların işini necə qiymətləndirirsiniz?;0.27
Bilet yoxlayan əməkdaşların işini necə qiymətləndirirsiniz?;Bilet yoxlayan əməkdaşların işini necə qiymətləndirirsiniz?;1.00
Təhlükəsizlik xidmətinin işini necə qiymətləndirirsiniz?;Bilet yoxlayan əməkdaşların işini necə qiymətləndirirsiniz?;0.51
Könüllülərin işini necə qiymətləndirirsiniz? (istiqamətin göstərilməsi, sualların cavablandırılması və s.);Bilet yoxlayan əməkdaşların işini necə qiymətləndirirsiniz?;0.24
Tribunaların təmizliyini necə qiymətləndirirsiniz?;Bilet yoxlayan əməkdaşların işini necə qiymətləndirirsiniz?;0.10
Tualetlərin təmizliyini necə qiymətləndirirsiniz?;Bilet yoxlayan əməkdaşların işini necə qiymətləndirirsiniz?;-0.05
Stadionda olan ab-havanı necə qiymətləndirirsiniz?;Bilet yoxlayan əməkdaşların işini necə qiymətləndirirsiniz?;0.26
Ümumi oyunun təşkilini necə qiymətləndirirsiniz?;Bilet yoxlayan əməkdaşların işini necə qiymətləndirirsiniz?;0.31
Klubun faəliyyətini necə dəyərləndirirsiniz?;Bilet yoxlayan əməkdaşların işini necə qiymətləndirirsiniz?;0.05
Sponsorun dəstəyini necə dəyərləndirirsiniz?;Bilet yoxlayan əməkdaşların işini necə qiymətləndirirsiniz?;0.13
Bilet alma prosesini necə qiymətləndirirsiniz?;Təhlükəsizlik xidmətinin işini necə qiymətləndirirsiniz?;0.12
Bilet yoxlayan əməkdaşların işini necə qiymətləndirirsiniz?;Təhlükəsizlik xidmətinin işini necə qiymətləndirirsiniz?;0.51
Təhlükəsizlik xidmətinin işini necə qiymətləndirirsiniz?;Təhlükəsizlik xidmətinin işini necə qiymətləndirirsiniz?;1.00
Könüllülərin işini necə qiymətləndirirsiniz? (istiqamətin göstərilməsi, sualların cavablandırılması və s.);Təhlükəsizlik xidmətinin işini necə qiymətləndirirsiniz?;0.40
Tribunaların təmizliyini necə qiymətləndirirsiniz?;Təhlükəsizlik xidmətinin işini necə qiymətləndirirsiniz?;0.25
Tualetlərin təmizliyini necə qiymətləndirirsiniz?;Təhlükəsizlik xidmətinin işini necə qiymətləndirirsiniz?;0.31
Stadionda olan ab-havanı necə qiymətləndirirsiniz?;Təhlükəsizlik xidmətinin işini necə qiymətləndirirsiniz?;0.21
Ümumi oyunun təşkilini necə qiymətləndirirsiniz?;Təhlükəsizlik xidmətinin işini necə qiymətləndirirsiniz?;0.11
Klubun faəliyyətini necə dəyərləndirirsiniz?;Təhlükəsizlik xidmətinin işini necə qiymətləndirirsiniz?;0.23
Sponsorun dəstəyini necə dəyərləndirirsiniz?;Təhlükəsizlik xidmətinin işini necə qiymətləndirirsiniz?;0.09
Bilet alma prosesini necə qiymətləndirirsiniz?;Könüllülərin işini necə qiymətləndirirsiniz? (istiqamətin göstərilməsi, sualların cavablandırılması və s.);0.12
Bilet yoxlayan əməkdaşların işini necə qiymətləndirirsiniz?;Könüllülərin işini necə qiymətləndirirsiniz? (istiqamətin göstərilməsi, sualların cavablandırılması və s.);0.24
Təhlükəsizlik xidmətinin işini necə qiymətləndirirsiniz?;Könüllülərin işini necə qiymətləndirirsiniz? (istiqamətin göstərilməsi, sualların cavablandırılması və s.);0.40
Könüllülərin işini necə qiymətləndirirsiniz? (istiqamətin göstərilməsi, sualların cavablandırılması və s.);Könüllülərin işini necə qiymətləndirirsiniz? (istiqamətin göstərilməsi, sualların cavablandırılması və s.);1.00
Tribunaların təmizliyini necə qiymətləndirirsiniz?;Könüllülərin işini necə qiymətləndirirsiniz? (istiqamətin göstərilməsi, sualların cavablandırılması və s.);0.34
Tualetlərin təmizliyini necə qiymətləndirirsiniz?;Könüllülərin işini necə qiymətləndirirsiniz? (istiqamətin göstərilməsi, sualların cavablandırılması və s.);0.39
Stadionda olan ab-havanı necə qiymətləndirirsiniz?;Könüllülərin işini necə qiymətləndirirsiniz? (istiqamətin göstərilməsi, sualların cavablandırılması və s.);0.12
Ümumi oyunun təşkilini necə qiymətləndirirsiniz?;Könüllülərin işini necə qiymətləndirirsiniz? (istiqamətin göstərilməsi, sualların cavablandırılması və s.);0.19
Klubun faəliyyətini necə dəyərləndirirsiniz?;Könüllülərin işini necə qiymətləndirirsiniz? (istiqamətin göstərilməsi, sualların cavablandırılması və s.);0.07
Sponsorun dəstəyini necə dəyərləndirirsiniz?;Könüllülərin işini necə qiymətləndirirsiniz? (istiqamətin göstərilməsi, sualların cavablandırılması və s.);0.16
Bilet alma prosesini necə qiymətləndirirsiniz?;Tribunaların təmizliyini necə qiymətləndirirsiniz?;0.05
Bilet yoxlayan əməkdaşların işini necə qiymətləndirirsiniz?;Tribunaların təmizliyini necə qiymətləndirirsiniz?;0.10
Təhlükəsizlik xidmətinin işini necə qiymətləndirirsiniz?;Tribunaların təmizliyini necə qiymətləndirirsiniz?;0.25
Könüllülərin işini necə qiymətləndirirsiniz? (istiqamətin göstərilməsi, sualların cavablandırılması və s.);Tribunaların təmizliyini necə qiymətləndirirsiniz?;0.34
Tribunaların təmizliyini necə qiymətləndirirsiniz?;Tribunaların təmizliyini necə qiymətləndirirsiniz?;1.00
Tualetlərin təmizliyini necə qiymətləndirirsiniz?;Tribunaların təmizliyini necə qiymətləndirirsiniz?;0.57
Stadionda olan ab-havanı necə qiymətləndirirsiniz?;Tribunaların təmizliyini necə qiymətləndirirsiniz?;0.29
Ümumi oyunun təşkilini necə qiymətləndirirsiniz?;Tribunaların təmizliyini necə qiymətləndirirsiniz?;0.41
Klubun faəliyyətini necə dəyərləndirirsiniz?;Tribunaların təmizliyini necə qiymətləndirirsiniz?;0.30
Sponsorun dəstəyini necə dəyərləndirirsiniz?;Tribunaların təmizliyini necə qiymətləndirirsiniz?;0.19
Bilet alma prosesini necə qiymətləndirirsiniz?;Tualetlərin təmizliyini necə qiymətləndirirsiniz?;-0.06
Bilet yoxlayan əməkdaşların işini necə qiymətləndirirsiniz?;Tualetlərin təmizliyini necə qiymətləndirirsiniz?;-0.05
Təhlükəsizlik xidmətinin işini necə qiymətləndirirsiniz?;Tualetlərin təmizliyini necə qiymətləndirirsiniz?;0.31
Könüllülərin işini necə qiymətləndirirsiniz? (istiqamətin göstərilməsi, sualların cavablandırılması və s.);Tualetlərin təmizliyini necə qiymətləndirirsiniz?;0.39
Tribunaların təmizliyini necə qiymətləndirirsiniz?;Tualetlərin təmizliyini necə qiymətləndirirsiniz?;0.57
Tualetlərin təmizliyini necə qiymətləndirirsiniz?;Tualetlərin təmizliyini necə qiymətləndirirsiniz?;1.00
Stadionda olan ab-havanı necə qiymətləndirirsiniz?;Tualetlərin təmizliyini necə qiymətləndirirsiniz?;0.18
Ümumi oyunun təşkilini necə qiymətləndirirsiniz?;Tualetlərin təmizliyini necə qiymətləndirirsiniz?;0.23
Klubun faəliyyətini necə dəyərləndirirsiniz?;Tualetlərin təmizliyini necə qiymətləndirirsiniz?;0.36
Sponsorun dəstəyini necə dəyərləndirirsiniz?;Tualetlərin təmizliyini necə qiymətləndirirsiniz?;0.18
Bilet alma prosesini necə qiymətləndirirsiniz?;Stadionda olan ab-havanı necə qiymətləndirirsiniz?;0.13
Bilet yoxlayan əməkdaşların işini necə qiymətləndirirsiniz?;Stadionda olan ab-havanı necə qiymətləndirirsiniz?;0.26
Təhlükəsizlik xidmətinin işini necə qiymətləndirirsiniz?;Stadionda olan ab-havanı necə qiymətləndirirsiniz?;0.21
Könüllülərin işini necə qiymətləndirirsiniz? (istiqamətin göstərilməsi, sualların cavablandırılması və s.);Stadionda olan ab-havanı necə qiymətləndirirsiniz?;0.12
Tribunaların təmizliyini necə qiymətləndirirsiniz?;Stadionda olan ab-havanı necə qiymətləndirirsiniz?;0.29
Tualetlərin təmizliyini necə qiymətləndirirsiniz?;Stadionda olan ab-havanı necə qiymətləndirirsiniz?;0.18
Stadionda olan ab-havanı necə qiymətləndirirsiniz?;Stadionda olan ab-havanı necə qiymətləndirirsiniz?;1.00
Ümumi oyunun təşkilini necə qiymətləndirirsiniz?;Stadionda olan ab-havanı necə qiymətləndirirsiniz?;0.57
Klubun faəliyyətini necə dəyərləndirirsiniz?;Stadionda olan ab-havanı necə qiymətləndirirsiniz?;0.46
Sponsorun dəstəyini necə dəyərləndirirsiniz?;Stadionda olan ab-havanı necə qiymətləndirirsiniz?;0.32
Bilet alma prosesini necə qiymətləndirirsiniz?;Ümumi oyunun təşkilini necə qiymətləndirirsiniz?;-0.03
Bilet yoxlayan əməkdaşların işini necə qiymətləndirirsiniz?;Ümumi oyunun təşkilini necə qiymətləndirirsiniz?;0.31
Təhlükəsizlik xidmətinin işini necə qiymətləndirirsiniz?;Ümumi oyunun təşkilini necə qiymətləndirirsiniz?;0.11
Könüllülərin işini necə qiymətləndirirsiniz? (istiqamətin göstərilməsi, sualların cavablandırılması və s.);Ümumi oyunun təşkilini necə qiymətləndirirsiniz?;0.19
Tribunaların təmizliyini necə qiymətləndirirsiniz?;Ümumi oyunun təşkilini necə qiymətləndirirsiniz?;0.41
Tualetlərin təmizliyini necə qiymətləndirirsiniz?;Ümumi oyunun təşkilini necə qiymətləndirirsiniz?;0.23
Stadionda olan ab-havanı necə qiymətləndirirsiniz?;Ümumi oyunun təşkilini necə qiymətləndirirsiniz?;0.57
Ümumi oyunun təşkilini necə qiymətləndirirsiniz?;Ümumi oyunun təşkilini necə qiymətləndirirsiniz?;1.00
Klubun faəliyyətini necə dəyərləndirirsiniz?;Ümumi oyunun təşkilini necə qiymətləndirirsiniz?;0.45
Sponsorun dəstəyini necə dəyərləndirirsiniz?;Ümumi oyunun təşkilini necə qiymətləndirirsiniz?;0.11
Bilet alma prosesini necə qiymətləndirirsiniz?;Klubun faəliyyətini necə dəyərləndirirsiniz?;0.10
Bilet yoxlayan əməkdaşların işini necə qiymətləndirirsiniz?;Klubun faəliyyətini necə dəyərləndirirsiniz?;0.05
Təhlükəsizlik xidmətinin işini necə qiymətləndirirsiniz?;Klubun faəliyyətini necə dəyərləndirirsiniz?;0.23
Könüllülərin işini necə qiymətləndirirsiniz? (istiqamətin göstərilməsi, sualların cavablandırılması və s.);Klubun faəliyyətini necə dəyərləndirirsiniz?;0.07
Tribunaların təmizliyini necə qiymətləndirirsiniz?;Klubun faəliyyətini necə dəyərləndirirsiniz?;0.30
Tualetlərin təmizliyini necə qiymətləndirirsiniz?;Klubun faəliyyətini necə dəyərləndirirsiniz?;0.36
Stadionda olan ab-havanı necə qiymətləndirirsiniz?;Klubun faəliyyətini necə dəyərləndirirsiniz?;0.46
Ümumi oyunun təşkilini necə qiymətləndirirsiniz?;Klubun faəliyyətini necə dəyərləndirirsiniz?;0.45
Klubun faəliyyətini necə dəyərləndirirsiniz?;Klubun faəliyyətini necə dəyərləndirirsiniz?;1.00
Sponsorun dəstəyini necə dəyərləndirirsiniz?;Klubun faəliyyətini necə dəyərləndirirsiniz?;0.50
Bilet alma prosesini necə qiymətləndirirsiniz?;Sponsorun dəstəyini necə dəyərləndirirsiniz?;0.26
Bilet yoxlayan əməkdaşların işini necə qiymətləndirirsiniz?;Sponsorun dəstəyini necə dəyərləndirirsiniz?;0.13
Təhlükəsizlik xidmətinin işini necə qiymətləndirirsiniz?;Sponsorun dəstəyini necə dəyərləndirirsiniz?;0.09
Könüllülərin işini necə qiymətləndirirsiniz? (istiqamətin göstərilməsi, sualların cavablandırılması və s.);Sponsorun dəstəyini necə dəyərləndirirsiniz?;0.16
Tribunaların təmizliyini necə qiymətləndirirsiniz?;Sponsorun dəstəyini necə dəyərləndirirsiniz?;0.19
Tualetlərin təmizliyini necə qiymətləndirirsiniz?;Sponsorun dəstəyini necə dəyərləndirirsiniz?;0.18
Stadionda olan ab-havanı necə qiymətləndirirsiniz?;Sponsorun dəstəyini necə dəyərləndirirsiniz?;0.32
Ümumi oyunun təşkilini necə qiymətləndirirsiniz?;Sponsorun dəstəyini necə dəyərləndirirsiniz?;0.11
Klubun faəliyyətini necə dəyərləndirirsiniz?;Sponsorun dəstəyini necə dəyərləndirirsiniz?;0.50
Sponsorun dəstəyini necə dəyərləndirirsiniz?;Sponsorun dəstəyini necə dəyərləndirirsiniz?;1.00
